user,item,rating
u1,i1,1.0
u1,i2,5.0
u1,i3,1.0
u1,i6,4.2
u1,i7,1.0
u1,i9,5.0
u1,i10,5.0
u2,i1,5.0
u2,i2,1.0
u2,i3,4.333333333333334
u2,i4,3.0
u2,i5,NaN
u2,i7,5.0
u2,i10,1.0
u3,i2,3.0
u3,i3,1.0
u3,i4,5.0
u3,i5,NaN
u3,i6,1.0
u3,i9,1.0
u4,i1,5.0
u4,i2,5.0
u4,i4,1.0
u4,i6,5.0
u4,i8,NaN
u4,i9,3.6666666666666665
u5,i2,2.333333333333333
u5,i3,5.0
u5,i6,3.4
u5,i7,5.0
