lhs,rhs,similarity
u1,u5,-0.44977058372202533
u2,u5,0.9684967949737247
u2,u1,-0.22524540089428174
u3,u5,0.05305655766256433
u3,u1,0.6730267897778498
u3,u2,-0.2116711078369544
u4,u5,-0.4834227008341692
u4,u1,0.8499497664403586
u4,u2,0.22606077533295316
u4,u3,-0.038322954518987415
