lhs,rhs,similarity
u1,u5,-0.3002861230979395
u2,u5,0.41008312348616366
u2,u1,-0.16963476148407902
u3,u5,0.039283710065919304
u3,u1,0.4799430476330324
u3,u2,-0.10563286022020399
u4,u5,-0.16896562584161717
u4,u1,0.4403826160476832
u4,u2,0.08547544223325282
u4,u3,-0.02712444904022447
