lhs,rhs,similarity
u1,u5,-0.4497705837220253
u2,u5,0.9684967949737248
u2,u1,-0.22524540089428158
u3,u5,0.05305655766256432
u3,u1,0.6730267897778497
u3,u2,-0.21167110783695436
u4,u5,-0.48342270083416916
u4,u1,0.8499497664403589
u4,u2,0.22606077533295324
u4,u3,-0.03832295451898748
