lhs,rhs,similarity
u1,u5,0.14685419906293512
u2,u5,0.3288130902060995
u2,u1,0.1261319836228832
u3,u5,0.1390551394732742
u3,u1,0.1782603569701947
u3,u2,0.16170474737514706
u4,u5,0.16666666666666663
u4,u1,0.1957744366166139
u4,u2,0.1403760097796697
u4,u3,0.12819304429541925
