lhs,rhs,similarity
u1,u5,0.21393876913398135
u2,u5,0.4721359549995794
u2,u1,0.16952084719853724
u3,u5,0.22772999919644132
u3,u1,0.2553967929896867
u3,u2,0.23371479611805132
u4,u5,0.3090169943749474
u4,u1,0.27792629762666365
u4,u2,0.22966848451216434
u4,u3,0.1886378647726465
