lhs,rhs,similarity
u5,u5,1.0000000000000002
u5,u1,0.4
u5,u2,0.4
u5,u3,0.16666666666666666
u5,u4,0.14285714285714285
u1,u5,0.4
u1,u1,1.0
u1,u2,0.14285714285714285
u1,u3,0.3333333333333333
u1,u4,0.5
u2,u5,0.4
u2,u1,0.14285714285714285
u2,u2,1.0
u2,u3,0.14285714285714285
u2,u4,0.125
u3,u5,0.16666666666666666
u3,u1,0.3333333333333333
u3,u2,0.14285714285714285
u3,u3,1.0
u3,u4,0.2857142857142857
u4,u5,0.14285714285714285
u4,u1,0.5
u4,u2,0.125
u4,u3,0.2857142857142857
u4,u4,0.9999999999999997
