lhs,rhs,similarity
u1,u5,0.4
u2,u5,0.4
u2,u1,0.14285714285714285
u3,u5,0.16666666666666666
u3,u1,0.3333333333333333
u3,u2,0.14285714285714285
u4,u5,0.14285714285714285
u4,u1,0.5
u4,u2,0.125
u4,u3,0.2857142857142857
