lhs,rhs,similarity
u1,u5,0.5
u2,u5,0.9715579739402255
u2,u1,0.5
u3,u5,0.5
u3,u1,0.9128535534590342
u3,u2,0.5
u4,u5,1.0
u4,u1,0.9435942521096682
u4,u2,0.5165338454890394
u4,u3,0.5
