lhs,rhs,similarity
u5,u5,1.0
u5,u1,0.5
u5,u2,0.9715579739402253
u5,u3,0.5
u5,u4,1.0
u1,u5,0.5
u1,u1,1.0
u1,u2,0.5
u1,u3,0.9128535534590342
u1,u4,0.9435942521096682
u2,u5,0.9715579739402255
u2,u1,0.5
u2,u2,1.0
u2,u3,0.5
u2,u4,0.5165338454890392
u3,u5,0.5
u3,u1,0.9128535534590342
u3,u2,0.5
u3,u3,1.0
u3,u4,0.5
u4,u5,1.0
u4,u1,0.9435942521096682
u4,u2,0.5165338454890394
u4,u3,0.5
u4,u4,1.0
