lhs,rhs,similarity
u5,u5,1.0
u5,u1,0.5714285714285714
u5,u2,0.625
u5,u3,0.2857142857142857
u5,u4,0.25
u1,u5,0.5714285714285714
u1,u1,1.0
u1,u2,0.3333333333333333
u1,u3,0.5555555555555556
u1,u4,0.6666666666666666
u2,u5,0.625
u2,u1,0.3333333333333333
u2,u2,1.0
u2,u3,0.3333333333333333
u2,u4,0.3
u3,u5,0.2857142857142857
u3,u1,0.5555555555555556
u3,u2,0.3333333333333333
u3,u3,1.0
u3,u4,0.375
u4,u5,0.25
u4,u1,0.6666666666666666
u4,u2,0.3
u4,u3,0.375
u4,u4,1.0
