lhs,rhs,similarity
u1,u5,0.5714285714285714
u2,u5,0.625
u2,u1,0.3333333333333333
u3,u5,0.2857142857142857
u3,u1,0.5555555555555556
u3,u2,0.3333333333333333
u4,u5,0.25
u4,u1,0.6666666666666666
u4,u2,0.3
u4,u3,0.375
